id;username;email;password;init_password;first_login;verified;disable;created_by;created_date;last_modified_by;last_modified_date
102190456;Cambridgeshire1;Angelita.Hane@hotmail.com1;orchid;programming;2023-05-02 14:00:45;false;false;explicit Concrete;2023-05-03 01:08:24;Self-enabling Roads;2023-05-02 15:12:14
102190457;Cambridgeshire2;Angelita.Hane@hotmail.com2;Wooden Global;up Plastic collaborative;2023-05-02 21:02:32;false;true;Mountains New New;2023-05-02 23:32:38;Republic;2023-05-02 19:18:34
102190458;Cambridgeshire3;Angelita.Hane@hotmail.com3;Toys New;array transmit connecting;2023-05-02 21:32:48;false;false;optimize;2023-05-02 17:35:27;seize Home firewall;2023-05-02 13:30:02
102190459;Cambridgeshire4;Angelita.Hane@hotmail.com4;Account;Computer deploy Trail;2023-05-02 11:00:20;true;true;time-frame;2023-05-03 04:17:42;Chips Sleek;2023-05-02 15:04:02
102190460;Cambridgeshire5;Angelita.Hane@hotmail.com5;Rubber;Lek synthesizing system-worthy;2023-05-02 17:43:54;false;true;Principal;2023-05-03 01:47:00;secured Account Regional;2023-05-03 09:29:50
102190461;Cambridgeshire6;Angelita.Hane@hotmail.com6;reciprocal vertical monetize;Granite PCI Loan;2023-05-02 11:02:53;true;false;Libyan Metal;2023-05-02 15:45:06;Account Computer cross-platform;2023-05-03 10:09:07
102190462;Cambridgeshire7;Angelita.Hane@hotmail.com7;Paradigm transmitter Rustic;partnerships paradigm;2023-05-02 15:56:19;true;false;Tools;2023-05-02 11:27:06;payment Senior up;2023-05-02 23:09:55
102190463;Cambridgeshire8;Angelita.Hane@hotmail.com8;withdrawal Chair;Tactics Shirt ivory;2023-05-03 09:27:47;false;false;redundant Tasty Lead;2023-05-02 15:58:28;transmitting;2023-05-02 14:13:56
102190464;Cambridgeshire9;Angelita.Hane@hotmail.com9;bleeding-edge;architecture teal back;2023-05-02 16:15:57;true;true;didactic adapter Assimilated;2023-05-03 04:24:47;IB backing;2023-05-03 07:42:10
102190465;Cambridgeshire10;Angelita.Hane@hotmail.com10;Senior;base Plastic Metical;2023-05-02 16:43:31;true;true;Licensed IB;2023-05-03 01:54:14;withdrawal transitional;2023-05-02 20:45:18
102190069;Cambridgeshire11;Angelita.Hane@hotmail.com11;Senior;base Plastic Metical;2023-05-02 16:43:32;true;false;Licensed IB;2023-05-03 01:54:15;withdrawal transitional;2023-05-02 20:45:19
102190070;Cambridgeshire12;Angelita.Hane@hotmail.com12;Senior;base Plastic Metical;2023-05-02 16:43:33;true;false;Licensed IB;2023-05-03 01:54:16;withdrawal transitional;2023-05-02 20:45:20
102190071;Cambridgeshire13;Angelita.Hane@hotmail.com13;Senior;base Plastic Metical;2023-05-02 16:43:34;true;false;Licensed IB;2023-05-03 01:54:17;withdrawal transitional;2023-05-02 20:45:21
102190072;Cambridgeshire14;Angelita.Hane@hotmail.com14;Senior;base Plastic Metical;2023-05-02 16:43:35;true;false;Licensed IB;2023-05-03 01:54:18;withdrawal transitional;2023-05-02 20:45:22
102190073;Cambridgeshire15;Angelita.Hane@hotmail.com15;Senior;base Plastic Metical;2023-05-02 16:43:36;true;false;Licensed IB;2023-05-03 01:54:19;withdrawal transitional;2023-05-02 20:45:23
102190074;Cambridgeshire16;Angelita.Hane@hotmail.com16;Senior;base Plastic Metical;2023-05-02 16:43:37;true;false;Licensed IB;2023-05-03 01:54:20;withdrawal transitional;2023-05-02 20:45:24
102190075;Cambridgeshire17;Angelita.Hane@hotmail.com17;Senior;base Plastic Metical;2023-05-02 16:43:38;true;false;Licensed IB;2023-05-03 01:54:21;withdrawal transitional;2023-05-02 20:45:25
102190076;Cambridgeshire18;Angelita.Hane@hotmail.com18;Senior;base Plastic Metical;2023-05-02 16:43:39;true;false;Licensed IB;2023-05-03 01:54:22;withdrawal transitional;2023-05-02 20:45:26
102190077;Cambridgeshire19;Angelita.Hane@hotmail.com19;Senior;base Plastic Metical;2023-05-02 16:43:40;true;false;Licensed IB;2023-05-03 01:54:23;withdrawal transitional;2023-05-02 20:45:27
102190078;Cambridgeshire20;Angelita.Hane@hotmail.com20;Senior;base Plastic Metical;2023-05-02 16:43:41;true;false;Licensed IB;2023-05-03 01:54:24;withdrawal transitional;2023-05-02 20:45:28
102190079;Cambridgeshire21;Angelita.Hane@hotmail.com21;Senior;base Plastic Metical;2023-05-02 16:43:42;true;false;Licensed IB;2023-05-03 01:54:25;withdrawal transitional;2023-05-02 20:45:29
102190080;Cambridgeshire22;Angelita.Hane@hotmail.com22;Senior;base Plastic Metical;2023-05-02 16:43:43;true;false;Licensed IB;2023-05-03 01:54:26;withdrawal transitional;2023-05-02 20:45:30
102190081;Cambridgeshire23;Angelita.Hane@hotmail.com23;Senior;base Plastic Metical;2023-05-02 16:43:44;true;false;Licensed IB;2023-05-03 01:54:27;withdrawal transitional;2023-05-02 20:45:31
102190082;Cambridgeshire24;Angelita.Hane@hotmail.com24;Senior;base Plastic Metical;2023-05-02 16:43:45;true;false;Licensed IB;2023-05-03 01:54:28;withdrawal transitional;2023-05-02 20:45:32
102190083;Cambridgeshire25;Angelita.Hane@hotmail.com25;Senior;base Plastic Metical;2023-05-02 16:43:46;true;false;Licensed IB;2023-05-03 01:54:29;withdrawal transitional;2023-05-02 20:45:33
102190084;Cambridgeshire26;Angelita.Hane@hotmail.com26;Senior;base Plastic Metical;2023-05-02 16:43:47;true;false;Licensed IB;2023-05-03 01:54:30;withdrawal transitional;2023-05-02 20:45:34
102190085;Cambridgeshire27;Angelita.Hane@hotmail.com27;Senior;base Plastic Metical;2023-05-02 16:43:48;true;false;Licensed IB;2023-05-03 01:54:31;withdrawal transitional;2023-05-02 20:45:35
102190086;Cambridgeshire28;Angelita.Hane@hotmail.com28;Senior;base Plastic Metical;2023-05-02 16:43:49;true;false;Licensed IB;2023-05-03 01:54:32;withdrawal transitional;2023-05-02 20:45:36
102190087;Cambridgeshire29;Angelita.Hane@hotmail.com29;Senior;base Plastic Metical;2023-05-02 16:43:50;true;false;Licensed IB;2023-05-03 01:54:33;withdrawal transitional;2023-05-02 20:45:37
102190088;Cambridgeshire30;Angelita.Hane@hotmail.com30;Senior;base Plastic Metical;2023-05-02 16:43:51;true;false;Licensed IB;2023-05-03 01:54:34;withdrawal transitional;2023-05-02 20:45:38
102190089;Cambridgeshire31;Angelita.Hane@hotmail.com31;Senior;base Plastic Metical;2023-05-02 16:43:52;true;false;Licensed IB;2023-05-03 01:54:35;withdrawal transitional;2023-05-02 20:45:39
